<?xml version="1.0" encoding="UTF-8"?>
<project-private xmlns="http://www.netbeans.org/ns/project-private/1">
    <editor-bookmarks xmlns="http://www.netbeans.org/ns/editor-bookmarks/2" lastBookmarkId="0"/>
    <open-files xmlns="http://www.netbeans.org/ns/projectui-open-files/2">
        <group>
            <file>file:/Users/gustavoolimpiovillani/Desktop/POO/ProjetoSistema/src/Classes/Fornecedor.java</file>
            <file>file:/Users/gustavoolimpiovillani/Desktop/POO/ProjetoSistema/src/Classes/Vendedor.java</file>
            <file>file:/Users/gustavoolimpiovillani/Desktop/POO/ProjetoSistema/src/Classes/Produto.java</file>
            <file>file:/Users/gustavoolimpiovillani/Desktop/POO/ProjetoSistema/src/Classes/Cliente.java</file>
            <file>file:/Users/gustavoolimpiovillani/Desktop/POO/ProjetoSistema/src/Classes/RegistrarVenda.java</file>
        </group>
    </open-files>
</project-private>
